{
    "wadiqam_nr": [
        0.3482828282828283,
        2.8323620188052037e-07
    ],
    "hyperiqa": [
        -0.8880808080808081,
        3.66803993359063e-39
    ],
    "arniqa-clive": [
        0.964848484848485,
        6.550695562186274e-46
    ],
    "arniqa-csiq": [
        0.09333333333333334,
        0.1688557053243933
    ],
    "arniqa-flive": [
        0.9729292929292931,
        1.1851238970702814e-46
    ],
    "arniqa-kadid": [
        0.9753535353535355,
        7.076370838631994e-47
    ],
    "arniqa-live": [
        0.985858585858586,
        7.463926676559253e-48
    ],
    "arniqa-spaq": [
        0.9963636363636366,
        7.686997627720578e-49
    ],
    "arniqa-tid": [
        0.8460606060606062,
        1.0565915647329238e-35
    ],
    "brisque_matlab": [
        -0.28040404040404043,
        3.5708422778257625e-05
    ],
    "clipiqa": [
        -0.2064646464646465,
        0.0023373826436784207
    ],
    "clipiqa+": [
        0.9753535353535355,
        7.076370838631994e-47
    ],
    "clipiqa+_rn50_512": [
        0.17535353535353537,
        0.00973774802847148
    ],
    "dbcnn": [
        0.9692929292929294,
        2.5624679049628753e-46
    ],
    "cnniqa": [
        -0.4222222222222223,
        4.838215454872139e-10
    ],
    "liqe": [
        0.16525252525252526,
        0.014846598710353476
    ],
    "maniqa": [
        0.7216161616161617,
        1.9869632343478732e-26
    ],
    "maniqa-kadid": [
        0.9931313131313133,
        1.5510226478222097e-48
    ],
    "maniqa-pipal": [
        0.9644444444444447,
        7.132677618335952e-46
    ],
    "nima": [
        0.7612121212121213,
        3.1964019733829486e-29
    ],
    "nima-koniq": [
        0.9559595959595961,
        4.226486180658899e-45
    ],
    "nima-spaq": [
        0.9979797979797982,
        5.407019607857194e-49
    ],
    "nima-vgg16-ava": [
        0.8876767676767678,
        3.967227265160694e-39
    ],
    "nrqm": [
        0.6832323232323233,
        7.347540940830466e-24
    ],
    "piqe": [
        -0.827878787878788,
        2.9475132796164873e-34
    ],
    "topiq_iaa": [
        0.9842424242424244,
        1.0566367531554207e-47
    ],
    "topiq_iaa_res50": [
        0.33777777777777784,
        6.377798471164325e-07
    ],
    "topiq_nr": [
        0.4226262626262627,
        4.657796617125459e-10
    ],
    "topiq_nr-flive": [
        0.9874747474747476,
        5.2694299285927236e-48
    ],
    "topiq_nr-spaq": [
        0.9894949494949498,
        3.4073276396991216e-48
    ],
    "tres": [
        -0.7543434343434345,
        9.994873166969111e-29
    ],
    "tres-flive": [
        -0.18949494949494952,
        0.0052145293776344245
    ],
    "unique": [
        0.7680808080808083,
        1.0118742655731347e-29
    ],
    "clipiqa+_vitL14_512": [
        -0.5644444444444445,
        8.732859779263975e-17
    ],
    "entropy": [
        0.9975757575757578,
        5.9044663528636894e-49
    ],
    "laion_aes": [
        -0.471919191919192,
        3.4788902469203655e-12
    ],
    "musiq": [
        0.9276767676767678,
        1.4220225512067848e-42
    ],
    "musiq-ava": [
        0.5418181818181819,
        1.3791584605652382e-15
    ],
    "musiq-paq2piq": [
        0.9943434343434345,
        1.1923675526199573e-48
    ],
    "musiq-spaq": [
        0.4896969696969698,
        5.238855038115354e-13
    ],
    "paq2piq": [
        0.9979797979797982,
        5.407019607857194e-49
    ],
    "qalign": [
        0.8311111111111112,
        1.63958957869621e-34
    ]
}