{
    "qalign": {
        "0.png": 3.634765625,
        "1.png": 3.625,
        "2.png": 3.61328125,
        "3.png": 3.595703125,
        "4.png": 3.572265625,
        "5.png": 3.55859375,
        "6.png": 3.525390625,
        "7.png": 3.4921875,
        "8.png": 3.494140625,
        "9.png": 3.458984375,
        "10.png": 3.4453125,
        "11.png": 3.44921875,
        "12.png": 3.431640625,
        "13.png": 3.412109375,
        "14.png": 3.365234375,
        "15.png": 3.353515625,
        "16.png": 3.33984375,
        "17.png": 3.33203125,
        "18.png": 3.302734375,
        "19.png": 3.28125,
        "20.png": 3.271484375,
        "21.png": 3.23828125,
        "22.png": 3.251953125,
        "23.png": 3.23046875,
        "24.png": 3.234375,
        "25.png": 3.208984375,
        "26.png": 3.19140625,
        "27.png": 3.1953125,
        "28.png": 3.177734375,
        "29.png": 3.158203125,
        "30.png": 3.166015625,
        "31.png": 3.134765625,
        "32.png": 3.138671875,
        "33.png": 3.138671875,
        "34.png": 3.1171875,
        "35.png": 3.08984375,
        "36.png": 3.091796875,
        "37.png": 3.099609375,
        "38.png": 3.08984375,
        "39.png": 3.0703125,
        "40.png": 3.06640625,
        "41.png": 3.06640625,
        "42.png": 3.064453125,
        "43.png": 3.0703125,
        "44.png": 3.060546875,
        "45.png": 3.06640625,
        "46.png": 3.0546875,
        "47.png": 3.03125,
        "48.png": 3.0078125,
        "49.png": 3.0078125,
        "50.png": 2.994140625,
        "51.png": 2.984375,
        "52.png": 3.001953125,
        "53.png": 2.947265625,
        "54.png": 2.947265625,
        "55.png": 2.9296875,
        "56.png": 2.908203125,
        "57.png": 2.880859375,
        "58.png": 2.8671875,
        "59.png": 2.86328125,
        "60.png": 2.841796875,
        "61.png": 2.80078125,
        "62.png": 2.798828125,
        "63.png": 2.765625,
        "64.png": 2.716796875,
        "65.png": 2.65234375,
        "66.png": 2.6171875,
        "67.png": 2.58984375,
        "68.png": 2.5546875,
        "69.png": 2.470703125,
        "70.png": 2.421875,
        "71.png": 2.388671875,
        "72.png": 2.3359375,
        "73.png": 2.27734375,
        "74.png": 2.232421875,
        "75.png": 2.1875,
        "76.png": 2.146484375,
        "77.png": 2.13671875,
        "78.png": 2.08203125,
        "79.png": 2.037109375,
        "80.png": 2.0078125,
        "81.png": 1.96484375,
        "82.png": 1.9306640625,
        "83.png": 1.89453125,
        "84.png": 1.8642578125,
        "85.png": 1.83203125,
        "86.png": 1.7470703125,
        "87.png": 1.7578125,
        "88.png": 1.705078125,
        "89.png": 1.6650390625,
        "90.png": 1.654296875,
        "91.png": 1.6806640625,
        "92.png": 1.8017578125,
        "93.png": 1.8876953125,
        "94.png": 1.9150390625,
        "95.png": 1.904296875,
        "96.png": 1.908203125,
        "97.png": 1.7734375,
        "98.png": 1.888671875,
        "99.png": 1.92578125
    }
}