{
    "wadiqam_nr": [
        0.4610861086108611,
        1.380909296305295e-06
    ],
    "hyperiqa": [
        -0.9665166516651663,
        1.0653766160918914e-59
    ],
    "arniqa-clive": [
        0.9962316231623162,
        7.058680125289382e-106
    ],
    "arniqa-csiq": [
        0.10093009300930092,
        0.3177144063731259
    ],
    "arniqa-flive": [
        0.9980438043804378,
        8.220525629423677e-120
    ],
    "arniqa-kadid": [
        0.9888028802880288,
        8.855550989891695e-83
    ],
    "arniqa-live": [
        0.9991119111911191,
        1.3212317276886522e-136
    ],
    "arniqa-spaq": [
        0.9998919891989198,
        1.9700524468233987e-181
    ],
    "arniqa-tid": [
        0.9425862586258624,
        1.789643036429713e-48
    ],
    "brisque_matlab": [
        -0.4538853885388539,
        2.107482458386357e-06
    ],
    "clipiqa": [
        -0.3963036303630363,
        4.4717759084643855e-05
    ],
    "clipiqa+": [
        0.9985598559855984,
        2.5285037340103333e-126
    ],
    "clipiqa+_rn50_512": [
        0.13389738973897386,
        0.18413553934569662
    ],
    "dbcnn": [
        0.9961356135613559,
        2.416161480011019e-105
    ],
    "cnniqa": [
        -0.528160816081608,
        1.6294896261110795e-08
    ],
    "liqe": [
        0.014077407740774076,
        0.8894414005987064
    ],
    "maniqa": [
        0.7631203120312031,
        2.749432372561344e-20
    ],
    "maniqa-kadid": [
        0.9996039603960395,
        8.726406148323675e-154
    ],
    "maniqa-pipal": [
        0.9963156315631561,
        2.3432077614574366e-106
    ],
    "nima": [
        0.8449324932493248,
        2.2142996510980095e-28
    ],
    "nima-koniq": [
        0.9858145814581456,
        8.92400369944913e-78
    ],
    "nima-spaq": [
        0.9999399939993997,
        6.118083613942626e-194
    ],
    "nima-vgg16-ava": [
        0.97018901890189,
        3.921174923474177e-62
    ],
    "nrqm": [
        0.8022322232223221,
        1.1089024897358479e-23
    ],
    "piqe": [
        -0.942142214221422,
        2.5825789974882923e-48
    ],
    "topiq_iaa": [
        0.9988478847884787,
        4.541683827551197e-131
    ],
    "topiq_iaa_res50": [
        0.4953135313531353,
        1.6136286488597142e-07
    ],
    "topiq_nr": [
        0.5443504350435043,
        4.7976749552278435e-09
    ],
    "topiq_nr-flive": [
        0.9988478847884787,
        4.541683827551197e-131
    ],
    "topiq_nr-spaq": [
        0.9992319231923191,
        1.0781267362186275e-139
    ],
    "tres": [
        -0.846132613261326,
        1.5600485647678968e-28
    ],
    "tres-flive": [
        0.007536753675367536,
        0.9406753783218501
    ],
    "unique": [
        0.8317431743174316,
        8.636585380048532e-27
    ],
    "clipiqa+_vitL14_512": [
        -0.6843684368436843,
        4.172417597399509e-15
    ],
    "entropy": [
        0.9999279927992797,
        4.638460610543961e-190
    ],
    "laion_aes": [
        -0.5366696669666966,
        8.638734796310398e-09
    ],
    "musiq": [
        0.9813861386138614,
        4.860570840321226e-72
    ],
    "musiq-ava": [
        0.67019501950195,
        2.4212414706063913e-14
    ],
    "musiq-paq2piq": [
        0.9996759675967596,
        4.690427900790467e-158
    ],
    "musiq-spaq": [
        0.7477107710771075,
        4.0010065797355145e-19
    ],
    "paq2piq": [
        0.9999039903990398,
        6.139412042634769e-184
    ],
    "qalign": [
        0.9395739573957393,
        2.0384863428425548e-47
    ]
}