{
    "wadiqam_nr": [
        0.9999999999999999,
        0.0
    ],
    "ilniqe": [
        -0.4709750975097509,
        7.605081521761966e-07
    ],
    "hyperiqa": [
        -0.937017701770177,
        1.4592258894245912e-46
    ],
    "arniqa-clive": [
        -0.836087608760876,
        2.6783724245096962e-27
    ],
    "arniqa-csiq": [
        0.9893669366936693,
        7.129505697344503e-84
    ],
    "arniqa-flive": [
        0.20392439243924393,
        0.041846553334606684
    ],
    "arniqa-kadid": [
        -0.4797359735973597,
        4.4128063597666617e-07
    ],
    "arniqa-live": [
        0.9802340234023402,
        8.97051939395266e-71
    ],
    "arniqa-spaq": [
        0.8706870687068706,
        5.787537440110014e-32
    ],
    "arniqa-tid": [
        0.6513051305130512,
        2.1832070604936917e-13
    ],
    "brisque_matlab": [
        -0.19319531953195318,
        0.05412324116682577
    ],
    "clipiqa": [
        -0.5434383438343834,
        5.148706907245826e-09
    ],
    "clipiqa+": [
        -0.9282928292829282,
        6.805861370467592e-44
    ],
    "clipiqa+_rn50_512": [
        -0.9467146714671466,
        5.106065155882483e-50
    ],
    "dbcnn": [
        -0.9943954395439543,
        1.891906405850335e-97
    ],
    "cnniqa": [
        0.5338973897389738,
        1.064343217365224e-08
    ],
    "liqe": [
        -0.9524872487248724,
        2.1302859225017685e-52
    ],
    "maniqa": [
        -0.9580078007800781,
        5.723092098169725e-55
    ],
    "maniqa-kadid": [
        -0.18307830783078305,
        0.06827189243509606
    ],
    "maniqa-pipal": [
        0.23607560756075605,
        0.018049471832505076
    ],
    "nima": [
        0.3914671467146714,
        5.639348786383115e-05
    ],
    "nima-koniq": [
        0.24625262526252623,
        0.013521726072014018
    ],
    "nima-spaq": [
        0.748118811881188,
        3.7364781798832997e-19
    ],
    "nima-vgg16-ava": [
        -0.8276627662766276,
        2.5169506649991563e-26
    ],
    "niqe": [
        0.5797299729972997,
        2.613643194943746e-10
    ],
    "niqe_matlab": [
        0.1042184218421842,
        0.30212152803435893
    ],
    "nrqm": [
        0.5695769576957695,
        6.241241182688469e-10
    ],
    "pi": [
        0.6015241524152415,
        3.634551205561788e-11
    ],
    "piqe": [
        0.9806300630063005,
        3.3588299290080067e-71
    ],
    "topiq_iaa": [
        0.8838763876387637,
        4.133269972485622e-34
    ],
    "topiq_iaa_res50": [
        0.15375937593759376,
        0.12667141202256407
    ],
    "topiq_nr": [
        -0.9374737473747374,
        1.033419247853491e-46
    ],
    "topiq_nr-flive": [
        0.9871827182718271,
        6.402668807138776e-80
    ],
    "topiq_nr-spaq": [
        -0.9352295229522951,
        5.5087107714169455e-46
    ],
    "tres": [
        -0.7282928292829283,
        8.98154323714582e-18
    ],
    "tres-flive": [
        -0.10725472547254723,
        0.2881766618338223
    ],
    "unique": [
        -0.903174317431743,
        9.046060257828693e-38
    ],
    "clipiqa+_vitL14_512": [
        0.5571677167716771,
        1.738681652784409e-09
    ],
    "entropy": [
        0.9998319831983197,
        4.968846671186076e-172
    ],
    "laion_aes": [
        0.9453945394539454,
        1.6407255567052624e-49
    ],
    "musiq": [
        -0.5048424842484248,
        8.504592538396977e-08
    ],
    "musiq-ava": [
        0.9432943294329431,
        9.91115620205469e-49
    ],
    "musiq-paq2piq": [
        0.3469186918691869,
        0.00040615227958688864
    ],
    "musiq-spaq": [
        -0.7168316831683167,
        4.984602728805652e-17
    ],
    "paq2piq": [
        0.9978277827782778,
        1.385952585238849e-117
    ],
    "qalign": [
        0.9395739573957393,
        2.0384863428425548e-47
    ]
}