{
    "qalign": {
        "0.png": 2.595703125,
        "1.png": 2.50390625,
        "2.png": 2.5234375,
        "8.png": 2.275390625,
        "6.png": 2.388671875,
        "5.png": 2.4140625,
        "4.png": 2.45703125,
        "3.png": 2.451171875,
        "9.png": 2.248046875,
        "7.png": 2.3046875,
        "10.png": 2.2109375,
        "13.png": 2.103515625,
        "12.png": 2.14453125,
        "11.png": 2.185546875,
        "14.png": 2.08984375,
        "16.png": 2.107421875,
        "15.png": 2.125,
        "17.png": 2.06640625,
        "25.png": 1.9169921875,
        "23.png": 1.94140625,
        "19.png": 2.03515625,
        "20.png": 2.0234375,
        "21.png": 2.021484375,
        "18.png": 2.06640625,
        "22.png": 1.9404296875,
        "24.png": 1.8759765625,
        "30.png": 1.896484375,
        "28.png": 1.9111328125,
        "26.png": 1.91796875,
        "27.png": 1.90234375,
        "29.png": 1.9501953125,
        "32.png": 1.880859375,
        "31.png": 1.9013671875,
        "33.png": 1.8623046875,
        "36.png": 1.83203125,
        "38.png": 1.7880859375,
        "41.png": 1.779296875,
        "40.png": 1.787109375,
        "37.png": 1.802734375,
        "35.png": 1.8623046875,
        "39.png": 1.79296875,
        "34.png": 1.859375,
        "47.png": 1.6591796875,
        "44.png": 1.734375,
        "42.png": 1.7685546875,
        "45.png": 1.734375,
        "46.png": 1.658203125,
        "48.png": 1.6376953125,
        "43.png": 1.759765625,
        "53.png": 1.53515625,
        "49.png": 1.6171875,
        "55.png": 1.4931640625,
        "52.png": 1.5390625,
        "50.png": 1.5869140625,
        "54.png": 1.509765625,
        "51.png": 1.5751953125,
        "59.png": 1.4892578125,
        "62.png": 1.4404296875,
        "60.png": 1.5107421875,
        "57.png": 1.494140625,
        "56.png": 1.501953125,
        "58.png": 1.515625,
        "61.png": 1.46875,
        "68.png": 1.4658203125,
        "63.png": 1.453125,
        "66.png": 1.453125,
        "65.png": 1.490234375,
        "64.png": 1.490234375,
        "67.png": 1.4443359375,
        "69.png": 1.45703125,
        "76.png": 1.396484375,
        "70.png": 1.431640625,
        "71.png": 1.404296875,
        "75.png": 1.408203125,
        "72.png": 1.404296875,
        "74.png": 1.427734375,
        "73.png": 1.3994140625,
        "80.png": 1.4326171875,
        "81.png": 1.419921875,
        "78.png": 1.423828125,
        "82.png": 1.3798828125,
        "77.png": 1.396484375,
        "79.png": 1.4453125,
        "85.png": 1.41796875,
        "88.png": 1.4580078125,
        "84.png": 1.4345703125,
        "86.png": 1.4384765625,
        "83.png": 1.4267578125,
        "87.png": 1.4501953125,
        "92.png": 1.4453125,
        "89.png": 1.4384765625,
        "95.png": 1.4384765625,
        "94.png": 1.470703125,
        "90.png": 1.4501953125,
        "93.png": 1.466796875,
        "91.png": 1.470703125,
        "96.png": 1.4541015625,
        "98.png": 1.4423828125,
        "99.png": 1.4501953125,
        "97.png": 1.4267578125
    }
}