{
    "wadiqam_nr": [
        1.0,
        2.143020576250934e-158
    ],
    "ilniqe": [
        -0.33898989898989906,
        5.8144622613555e-07
    ],
    "hyperiqa": [
        -0.8080808080808082,
        1.0191637767605457e-32
    ],
    "arniqa-clive": [
        -0.6412121212121212,
        3.3069802850261476e-21
    ],
    "arniqa-csiq": [
        0.9252525252525253,
        2.3227648232893978e-42
    ],
    "arniqa-flive": [
        0.08444444444444446,
        0.21318585719694128
    ],
    "arniqa-kadid": [
        -0.34222222222222226,
        4.536878166763855e-07
    ],
    "arniqa-live": [
        0.8953535353535355,
        8.889139798964446e-40
    ],
    "arniqa-spaq": [
        0.7559595959595962,
        7.650273296777256e-29
    ],
    "arniqa-tid": [
        0.44404040404040407,
        5.913786717360068e-11
    ],
    "brisque_matlab": [
        -0.17373737373737377,
        0.010431716133674185
    ],
    "clipiqa": [
        -0.3846464646464647,
        1.4251909818473766e-08
    ],
    "clipiqa+": [
        -0.8125252525252527,
        4.634474418643224e-33
    ],
    "clipiqa+_rn50_512": [
        -0.8331313131313133,
        1.1351081314402265e-34
    ],
    "dbcnn": [
        -0.9466666666666668,
        2.9143477330198557e-44
    ],
    "cnniqa": [
        0.39191919191919194,
        7.579774690554918e-09
    ],
    "liqe": [
        -0.8105050505050506,
        6.634302459357537e-33
    ],
    "maniqa": [
        -0.8460606060606062,
        1.0565915647329238e-35
    ],
    "maniqa-kadid": [
        -0.1466666666666667,
        0.030609483582614644
    ],
    "maniqa-pipal": [
        0.16323232323232326,
        0.01611421496730051
    ],
    "nima": [
        0.2290909090909091,
        0.0007323192786316927
    ],
    "nima-koniq": [
        0.1765656565656566,
        0.009244590273066889
    ],
    "nima-spaq": [
        0.6161616161616162,
        1.0537420368427598e-19
    ],
    "nima-vgg16-ava": [
        -0.7107070707070708,
        1.101662700498525e-25
    ],
    "niqe": [
        0.47474747474747475,
        2.585799440077285e-12
    ],
    "niqe_matlab": [
        0.1446464646464647,
        0.03297959439884376
    ],
    "nrqm": [
        0.5183838383838385,
        2.141264130967455e-14
    ],
    "pi": [
        0.4800000000000001,
        1.483689890670011e-12
    ],
    "piqe": [
        0.9026262626262628,
        2.1297133405394184e-40
    ],
    "topiq_iaa": [
        0.7034343434343435,
        3.4022665310523352e-25
    ],
    "topiq_iaa_res50": [
        0.13010101010101013,
        0.05512277770196885
    ],
    "topiq_nr": [
        -0.7995959595959597,
        4.533944341141648e-32
    ],
    "topiq_nr-flive": [
        0.9264646464646465,
        1.8177109976142603e-42
    ],
    "topiq_nr-spaq": [
        -0.8076767676767678,
        1.0946245985515879e-32
    ],
    "tres": [
        -0.5616161616161617,
        1.2404231016713524e-16
    ],
    "tres-flive": [
        -0.1094949494949495,
        0.10649721485887682
    ],
    "unique": [
        -0.7478787878787879,
        2.8955599965128e-28
    ],
    "clipiqa+_vitL14_512": [
        0.4545454545454546,
        2.0733439928324623e-11
    ],
    "entropy": [
        0.9971717171717173,
        6.447450575976834e-49
    ],
    "laion_aes": [
        0.7886868686868688,
        3.0199704820924157e-31
    ],
    "musiq": [
        -0.44888888888888895,
        3.656319119005309e-11
    ],
    "musiq-ava": [
        0.8246464646464647,
        5.286846355796966e-34
    ],
    "musiq-paq2piq": [
        0.22505050505050508,
        0.000907872246199825
    ],
    "musiq-spaq": [
        -0.6303030303030304,
        1.5180861554296798e-20
    ],
    "paq2piq": [
        0.9676767676767677,
        3.6066319632579795e-46
    ],
    "qalign": [
        0.8311111111111112,
        1.63958957869621e-34
    ]
}